id,fullName,emailAddress,age,address
1,Orsa Aldersley,oaldersley0@discuz.net,26,3 Rusk Lane
2,Timothee Owbrick,towbrick1@amazon.com,47,01817 Florence Avenue
3,Cassius Schutter,cschutter2@kickstarter.com,53,0024 Jenifer Court
4,Cecil Bone,cbone3@youtu.be,21,012 Little Fleur Court
5,Johnathon Currom,jcurrom4@unblog.fr,25,6361 Hovde Hill
6,Thia Poppleton,tpoppleton5@house.gov,46,9 Thompson Plaza
7,Jarrett Kinsley,jkinsley6@alibaba.com,17,58547 Morningstar Park
8,Randy Caston,rcaston7@businessweek.com,92,4 Caliangt Plaza
9,Chic Lanceley,clanceley8@cargocollective.com,59,15 Sauthoff Way
10,Cirstoforo Lethbrig,clethbrig9@com.com,70,010 Grover Point
11,Willy Leeuwerink,wleeuwerinka@bluehost.com,79,50661 Burning Wood Park
12,Becca Wohlers,bwohlersb@bloglovin.com,41,5 Warbler Road
13,Corny Sturges,csturgesc@geocities.jp,85,5577 Bobwhite Way
14,Glynda Coulton,gcoultond@uol.com.br,74,9110 Kim Park
15,Georgie Bisacre,gbisacree@live.com,54,946 Bellgrove Drive
16,Wye Thomke,wthomkef@odnoklassniki.ru,91,1 Vera Way
17,Consalve Quantrill,cquantrillg@google.com.hk,85,44097 Glacier Hill Place
18,Maryann McKeeman,mmckeemanh@amazon.com,9,5523 American Alley
19,Virgie Pfaffel,vpfaffeli@disqus.com,58,5562 Johnson Way
20,Anna-diane Dowrey,adowreyj@scientificamerican.com,45,21570 Coolidge Point
21,Vivian Witheford,vwithefordk@xrea.com,65,4 Victoria Way
22,Elvira Pinnere,epinnerel@wordpress.org,85,87686 Knutson Road
23,Harriet Arnett,harnettm@ehow.com,82,08 Iowa Hill
24,Paco Lys,plysn@loc.gov,15,5 Bluejay Terrace
25,Errick McShirrie,emcshirrieo@dot.gov,2,4956 Mcguire Place
26,Norbert MacMickan,nmacmickanp@discovery.com,44,98 Walton Lane
27,Rory Gunstone,rgunstoneq@shop-pro.jp,55,183 Knutson Street
28,Zechariah Roth,zrothr@wordpress.com,66,2585 Eagle Crest Lane
29,Leslie Slimme,lslimmes@hatena.ne.jp,54,86696 Toban Trail
30,Lynnet MacCambridge,lmaccambridget@answers.com,22,96030 Evergreen Park
31,Wyatan Lys,wlysu@wp.com,35,9655 Darwin Pass
32,Derk Sheivels,dsheivelsv@printfriendly.com,80,46572 Forest Place
33,Alphonse Egerton,aegertonw@is.gd,81,7 Warrior Hill
34,Marissa Younghusband,myounghusbandx@addthis.com,52,319 Bartillon Pass
35,Noel Hesse,nhessey@bandcamp.com,63,8169 Scoville Center
36,Hagen Tong,htongz@meetup.com,45,4 Leroy Junction
37,Blake Widdocks,bwiddocks10@cnet.com,27,1246 Reinke Pass
38,Hort Scarre,hscarre11@google.co.jp,90,089 Hintze Trail
39,Alfy Edling,aedling12@bandcamp.com,35,9194 Melby Circle
40,Mano Blizard,mblizard13@dropbox.com,99,0633 Manitowish Terrace
41,Eloisa Blacklock,eblacklock14@wordpress.com,38,0 Pawling Court
42,Gerry Pickwell,gpickwell15@constantcontact.com,7,4428 Hazelcrest Point
43,Jordon McMinn,jmcminn16@nba.com,71,27 Coolidge Pass
44,Heather Blaine,hblaine17@infoseek.co.jp,43,9299 Fairview Alley
45,Paten Mucklo,pmucklo18@unicef.org,96,086 Crescent Oaks Avenue
46,Reinaldos Beamand,rbeamand19@jigsy.com,58,03 Dexter Parkway
47,Yurik Poad,ypoad1a@imgur.com,3,52439 Hintze Terrace
48,Chiarra Chiese,cchiese1b@wsj.com,9,609 Nobel Alley
49,Miguela Lighten,mlighten1c@bigcartel.com,81,1672 Ridgeway Alley
50,Hewie Kurten,hkurten1d@shutterfly.com,51,5840 Southridge Parkway
51,Wallache Eykelhof,weykelhof1e@wisc.edu,27,8090 Corry Alley
52,Rania Fendt,rfendt1f@japanpost.jp,77,88 Utah Junction
53,Cletis Rodder,crodder1g@xing.com,57,4110 Pine View Way
54,Donia Dryburgh,ddryburgh1h@wunderground.com,27,6 Schiller Road
55,Meredith Brightling,mbrightling1i@biglobe.ne.jp,94,5320 Lighthouse Bay Trail
56,Hadley Comettoi,hcomettoi1j@wsj.com,68,3 Carioca Alley
57,Carmina Wragg,cwragg1k@bloomberg.com,7,91731 Oxford Alley
58,Maible Diano,mdiano1l@topsy.com,12,4 Drewry Circle
59,Sondra Martinat,smartinat1m@yelp.com,51,2 Kropf Way
60,Arin Farryann,afarryann1n@google.co.jp,40,18 South Park
61,Teodor Battle,tbattle1o@oracle.com,15,5767 Johnson Street
62,Blake Woolforde,bwoolforde1p@flickr.com,15,1052 Lighthouse Bay Street
63,Chantalle Matthieson,cmatthieson1q@edublogs.org,66,892 Esch Center
64,Luca Surplice,lsurplice1r@craigslist.org,13,4 Reinke Place
65,Ron Getch,rgetch1s@technorati.com,29,057 Butterfield Drive
66,Matty Yakubowicz,myakubowicz1t@google.com.au,50,679 Crest Line Street
67,Nettie Swales,nswales1u@si.edu,40,568 Melvin Pass
68,Goldina Spacey,gspacey1v@wordpress.com,10,3533 Emmet Circle
69,Kelby Baniard,kbaniard1w@va.gov,23,9566 Fordem Crossing
70,Lothario Ruter,lruter1x@instagram.com,89,2 Mitchell Avenue
71,Chip Simonsen,csimonsen1y@sbwire.com,95,0814 Pleasure Terrace
72,Garwin Pollins,gpollins1z@xrea.com,75,0475 John Wall Trail
73,Effie Lomond,elomond20@umn.edu,79,992 Garrison Point
74,James Sivyer,jsivyer21@istockphoto.com,11,69 Declaration Way
75,Brandy Arnison,barnison22@bloglovin.com,93,3401 Columbus Center
76,Gay Chanter,gchanter23@usnews.com,53,6374 Kropf Hill
77,Delcina Grunguer,dgrunguer24@mozilla.org,31,5 Namekagon Plaza
78,Lynnet Balleine,lballeine25@ow.ly,66,065 Algoma Street
79,Wye Mosdell,wmosdell26@upenn.edu,58,22155 Waywood Drive
80,Kinsley Greensted,kgreensted27@slideshare.net,4,584 Milwaukee Way
81,Nixie Lowman,nlowman28@odnoklassniki.ru,10,2 Linden Crossing
82,Ikey Neely,ineely29@blogspot.com,49,525 Ryan Terrace
83,Fianna Gatlin,fgatlin2a@tamu.edu,25,3 Spenser Court
84,Tybie Gutsell,tgutsell2b@oaic.gov.au,20,01323 Dakota Street
85,Jennine Clausen,jclausen2c@chicagotribune.com,92,643 Del Mar Lane
86,Lezley Lemasney,llemasney2d@discovery.com,27,2 Forest Dale Lane
87,Bear Chaudrelle,bchaudrelle2e@princeton.edu,72,27 Del Mar Trail
88,Shelby Winsom,swinsom2f@microsoft.com,83,126 Holy Cross Hill
89,Bobbette Pozer,bpozer2g@google.de,52,007 Butterfield Point
90,Arluene Giacovetti,agiacovetti2h@cam.ac.uk,8,9146 Aberg Terrace
91,Tyne Chestney,tchestney2i@slideshare.net,7,14831 Bunting Crossing
92,Jonathan Cristofari,jcristofari2j@sohu.com,39,13 Raven Parkway
93,Donella Douglass,ddouglass2k@wunderground.com,29,16299 Toban Junction
94,Dedie Cuncarr,dcuncarr2l@narod.ru,84,0607 Farragut Center
95,Jae Haye,jhaye2m@geocities.com,84,36041 Chive Avenue
96,Esmaria Fant,efant2n@pcworld.com,7,21 Nobel Trail
97,Jeniffer Pescott,jpescott2o@diigo.com,32,03 Pepper Wood Plaza
98,Isaak Corbitt,icorbitt2p@aboutads.info,70,796 Kinsman Trail
99,Robbie Renouf,rrenouf2q@friendfeed.com,56,626 Tony Place
100,Vinny Thal,vthal2r@photobucket.com,7,5 Knutson Center
101,Noland Kristof,nkristof2s@histats.com,86,77 Fulton Circle
102,Kata Wilstead,kwilstead2t@wikimedia.org,86,58797 Springview Court
103,Alyce LAbbet,alabbet2u@ask.com,35,374 Hintze Lane
104,Price Windrass,pwindrass2v@a8.net,37,4 Pleasure Lane
105,Archer Chiverton,achiverton2w@eventbrite.com,95,63639 Bashford Terrace
106,Conny Beeres,cbeeres2x@ibm.com,93,189 Tony Road
107,Morgana Birtwistle,mbirtwistle2y@economist.com,27,28 Miller Junction
108,Drud Tibbetts,dtibbetts2z@etsy.com,58,45558 Kropf Center
109,Tilda Kemmett,tkemmett30@yellowpages.com,90,8280 Stone Corner Parkway
110,Blondie Catherick,bcatherick31@gizmodo.com,80,52 Larry Circle
111,Shepperd MacCambridge,smaccambridge32@quantcast.com,42,15975 Crest Line Hill
112,Ignazio Garken,igarken33@who.int,17,28 Mosinee Avenue
113,Philbert Walas,pwalas34@paginegialle.it,85,032 Harper Place
114,Ulrike Bartalot,ubartalot35@dmoz.org,10,73 Maryland Street
115,Alfreda Gerdts,agerdts36@globo.com,64,64 Carioca Parkway
116,Thedrick Lanfare,tlanfare37@meetup.com,6,079 Del Mar Park
117,Austen Cattellion,acattellion38@ycombinator.com,66,838 Service Junction
118,Jannelle Gladtbach,jgladtbach39@psu.edu,100,9 Hazelcrest Crossing
119,Hardy Gerardeaux,hgerardeaux3a@wisc.edu,69,579 Bultman Street
120,Rafaello Frankham,rfrankham3b@ed.gov,59,11 Cottonwood Center
121,Blancha Benninger,bbenninger3c@360.cn,60,363 Hoard Point
122,Dela MacCaughen,dmaccaughen3d@loc.gov,14,47720 Comanche Park
123,Tybie Denziloe,tdenziloe3e@flickr.com,93,930 Starling Parkway
124,Norris Brussels,nbrussels3f@hao123.com,75,8 Nobel Terrace
125,Jaine Gilyatt,jgilyatt3g@illinois.edu,6,81367 Lindbergh Street
126,Shurlocke Deverall,sdeverall3h@nationalgeographic.com,85,5 Fairfield Hill
127,Analiese Ollis,aollis3i@gmpg.org,78,20 Washington Road
128,Vevay Standering,vstandering3j@freewebs.com,48,3388 Ilene Avenue
129,Ade Swale,aswale3k@virginia.edu,44,38 Hintze Drive
130,Lotti Cleve,lcleve3l@cam.ac.uk,74,1 Hoepker Terrace
131,Francine Bewley,fbewley3m@woothemes.com,60,731 Eagle Crest Crossing
132,Seth Darkins,sdarkins3n@scientificamerican.com,91,28 Mallory Hill
133,Dotti Brookfield,dbrookfield3o@hubpages.com,10,872 Jenna Trail
134,Lalo Fishbourne,lfishbourne3p@flickr.com,98,117 Summer Ridge Court
135,Gerardo Klosges,gklosges3q@stumbleupon.com,47,5192 Hoard Circle
136,Urbain Sindall,usindall3r@wired.com,75,0761 Hudson Hill
137,Frederique Kuhlmey,fkuhlmey3s@newsvine.com,44,03 Macpherson Drive
138,Nikita Bilbrook,nbilbrook3t@pbs.org,62,42 Sullivan Terrace
139,Sarena Dewick,sdewick3u@oakley.com,41,8 Melrose Trail
140,Tresa Allso,tallso3v@devhub.com,32,4 Dottie Alley
141,Raphael Dearden,rdearden3w@booking.com,69,9552 Clove Park
142,Linn Phette,lphette3x@dion.ne.jp,38,1 Veith Point
143,Harvey Drewe,hdrewe3y@indiatimes.com,62,4 Declaration Alley
144,Orella Cuttles,ocuttles3z@miitbeian.gov.cn,38,092 Sycamore Way
145,Rhys Hayhurst,rhayhurst40@senate.gov,88,4456 Butterfield Park
146,Kali Benettelli,kbenettelli41@gizmodo.com,62,5 Hansons Drive
147,Briant Croster,bcroster42@npr.org,35,9578 Butterfield Crossing
148,Adaline Willcox,awillcox43@house.gov,31,9 Manley Plaza
149,Harv Massingham,hmassingham44@imgur.com,46,3 Dawn Terrace
150,Cortney Lachaize,clachaize45@nytimes.com,43,78 Daystar Trail
151,Elyssa Garnam,egarnam46@booking.com,29,3 Schiller Road
152,Yanaton Lymer,ylymer47@blog.com,7,9 Grayhawk Circle
153,Alice Quirk,aquirk48@last.fm,61,67044 Lukken Avenue
154,Candra Barhem,cbarhem49@posterous.com,37,415 Alpine Junction
155,Philomena Worthing,pworthing4a@desdev.cn,74,3 Tennessee Way
156,Keary Metheringham,kmetheringham4b@huffingtonpost.com,67,21816 Dexter Lane
157,Doroteya Pembery,dpembery4c@unblog.fr,57,44 John Wall Parkway
158,Conrade Ravillas,cravillas4d@omniture.com,98,67 Norway Maple Court
159,Keslie McGivena,kmcgivena4e@stanford.edu,97,7 Green Ridge Hill
160,Raine Toopin,rtoopin4f@cocolog-nifty.com,94,6737 Forest Alley
161,Liane Andrieu,landrieu4g@canalblog.com,36,2752 Kingsford Circle
162,Nannette Francais,nfrancais4h@ucsd.edu,39,5 Hooker Plaza
163,Brigida Boanas,bboanas4i@yahoo.com,96,1987 Express Avenue
164,Lesli Tumayan,ltumayan4j@pagesperso-orange.fr,36,002 Talmadge Center
165,Di Fratczak,dfratczak4k@princeton.edu,46,1786 Atwood Pass
166,Brittani Jammet,bjammet4l@chronoengine.com,36,27 Daystar Crossing
167,Brook Bereford,bbereford4m@clickbank.net,97,122 Packers Road
168,Corbie Naldrett,cnaldrett4n@mozilla.com,48,212 Michigan Drive
169,Patience Geere,pgeere4o@ehow.com,10,13 Westridge Trail
170,Antin Falkner,afalkner4p@woothemes.com,14,318 Jackson Street
171,Shelli Seagrave,sseagrave4q@dyndns.org,45,067 Lindbergh Center
172,Craggie Gilhool,cgilhool4r@slashdot.org,8,778 Stoughton Center
173,Genovera Tamburo,gtamburo4s@ifeng.com,18,1071 Morning Drive
174,Betteanne Amiranda,bamiranda4t@squarespace.com,49,495 Porter Lane
175,Winne Flounders,wflounders4u@mapy.cz,51,56 Sunnyside Point
176,Lona Tregenna,ltregenna4v@dedecms.com,28,80151 Fieldstone Plaza
177,Anita Grinaway,agrinaway4w@nytimes.com,77,0979 Parkside Pass
178,Cullen Lebbern,clebbern4x@shutterfly.com,24,0447 Elmside Drive
179,Krysta Rainy,krainy4y@time.com,50,40 Park Meadow Court
180,Winthrop Delahunt,wdelahunt4z@ted.com,1,73 Westridge Circle
181,Wain Crompton,wcrompton50@army.mil,72,0 Elmside Crossing
182,Jandy Wigley,jwigley51@slate.com,86,2313 Thackeray Trail
183,Una Deaconson,udeaconson52@wix.com,43,07340 Weeping Birch Parkway
184,Cinda MacCumiskey,cmaccumiskey53@squidoo.com,76,02864 Fordem Court
185,Gallard Baelde,gbaelde54@tumblr.com,64,66730 Cascade Parkway
186,Quillan Mullis,qmullis55@ibm.com,42,7898 Red Cloud Parkway
187,Corella Buxam,cbuxam56@dailymotion.com,37,98628 Messerschmidt Center
188,Anders Bellham,abellham57@mlb.com,64,3 Maple Center
189,Symon Fawltey,sfawltey58@linkedin.com,90,35726 Hoepker Place
190,Leisha Lewinton,llewinton59@macromedia.com,30,3 Lindbergh Parkway
191,Hermina Spon,hspon5a@yahoo.com,51,0877 Manufacturers Way
192,Nadean Ghelarducci,nghelarducci5b@thetimes.co.uk,37,04995 Merchant Road
193,Derk Cassimer,dcassimer5c@newyorker.com,69,807 Magdeline Lane
194,Conni Randals,crandals5d@newsvine.com,94,50480 Lakewood Gardens Crossing
195,Gran Cicchelli,gcicchelli5e@archive.org,73,4 Pepper Wood Point
196,Gal Long,glong5f@csmonitor.com,76,5656 Chive Plaza
197,Beulah Negal,bnegal5g@businessweek.com,62,076 Macpherson Avenue
198,Leroi Reimer,lreimer5h@ed.gov,52,96147 Forest Hill
199,Cathleen Mcall,cmcall5i@amazon.com,66,1 Farmco Circle
200,Dion Huffey,dhuffey5j@geocities.jp,52,356 Kingsford Road
201,Maxie Bogie,mbogie5k@cdbaby.com,15,60 Kensington Pass
202,Scarlett Vasilechko,svasilechko5l@sfgate.com,96,62287 Porter Avenue
203,Rhodie Orgill,rorgill5m@livejournal.com,83,8 Sutteridge Park
204,Bridget Lancastle,blancastle5n@sina.com.cn,30,402 Norway Maple Circle
205,Minnie Georgeon,mgeorgeon5o@answers.com,27,23 Esch Way
206,Sherman Werner,swerner5p@apache.org,96,8 Johnson Crossing
207,Gare Bernardes,gbernardes5q@dailymail.co.uk,9,626 Spaight Drive
208,Archibaldo Nevitt,anevitt5r@prlog.org,98,5076 Maywood Terrace
209,Cecilius Muckley,cmuckley5s@wordpress.org,1,51 Waubesa Plaza
210,Sally Beere,sbeere5t@dagondesign.com,67,9748 Acker Court
211,Katharine Dunlap,kdunlap5u@multiply.com,91,1 Birchwood Park
212,Mechelle Element,melement5v@cafepress.com,60,6133 Forest Dale Alley
213,Izaak Raymen,iraymen5w@state.tx.us,94,00034 Barnett Circle
214,Jesse Lucas,jlucas5x@rakuten.co.jp,48,978 1st Terrace
215,Garold Laurentino,glaurentino5y@nytimes.com,24,0503 Vidon Hill
216,Isaiah Pimlett,ipimlett5z@imdb.com,1,81415 Birchwood Alley
217,Hildagard Glassborow,hglassborow60@tmall.com,34,0539 Rieder Street
218,Mariellen Hopkins,mhopkins61@fema.gov,9,3 Kipling Drive
219,Bogart Wolfers,bwolfers62@adobe.com,34,46983 Little Fleur Junction
220,Veronika Mc Pake,vmc63@google.cn,64,96264 Boyd Street
221,Abe Bengough,abengough64@acquirethisname.com,50,958 Stoughton Point
222,Tammi Dearnaley,tdearnaley65@chronoengine.com,40,1847 Ridgeview Street
223,Ciro Jacson,cjacson66@example.com,74,95 Mandrake Center
224,Lara Feenan,lfeenan67@techcrunch.com,71,61976 Thompson Trail
225,Zenia Glitherow,zglitherow68@tinypic.com,32,2030 Londonderry Crossing
226,Carolynn Andri,candri69@deviantart.com,17,30 Canary Park
227,Ruby Wiffler,rwiffler6a@blogtalkradio.com,62,3 Lighthouse Bay Hill
228,Millicent Mulran,mmulran6b@irs.gov,48,37864 Mendota Crossing
229,Godard Lumm,glumm6c@illinois.edu,69,975 Reindahl Terrace
230,Carilyn Sexten,csexten6d@ovh.net,84,5899 Mesta Crossing
231,Alford Melpuss,amelpuss6e@reverbnation.com,88,52 Prairieview Alley
232,Kerby Ferentz,kferentz6f@vk.com,68,5 Huxley Pass
233,Tim Kilfeder,tkilfeder6g@state.tx.us,97,989 Magdeline Center
234,Sibeal Edgworth,sedgworth6h@issuu.com,96,16158 Loftsgordon Lane
235,Twyla Furtado,tfurtado6i@cnbc.com,48,493 Kings Point
236,Martguerita Vido,mvido6j@google.co.uk,50,08374 Fulton Park
237,Dame Howbrook,dhowbrook6k@geocities.jp,40,469 Merrick Hill
238,Gabbey Howse,ghowse6l@globo.com,52,60 Sunbrook Park
239,Cassie Ladds,cladds6m@jigsy.com,32,999 Becker Crossing
240,Garold Spavon,gspavon6n@gizmodo.com,68,3 Elka Point
241,Carmela Apthorpe,capthorpe6o@alibaba.com,40,11 Erie Trail
242,Broddie Presdie,bpresdie6p@samsung.com,17,001 Aberg Way
243,Stanton Lindeberg,slindeberg6q@harvard.edu,60,731 Russell Hill
244,Panchito Cleal,pcleal6r@rakuten.co.jp,61,5717 Larry Hill
245,Emalee Abramchik,eabramchik6s@unicef.org,48,377 Corscot Court
246,Walden Varker,wvarker6t@flickr.com,83,31 Kim Pass
247,Donni Lille,dlille6u@trellian.com,33,151 Warrior Road
248,Jerrome Dashkov,jdashkov6v@histats.com,57,733 Hooker Trail
249,Janeczka Pettyfar,jpettyfar6w@rambler.ru,62,3849 Sycamore Hill
250,Astrix Heald,aheald6x@webs.com,43,1 Lukken Junction
251,Maribeth Presnall,mpresnall6y@google.co.jp,31,20 Iowa Drive
252,Elmo Wort,ewort6z@geocities.jp,68,5 Meadow Vale Lane
253,Laurie Pollastrino,lpollastrino70@ftc.gov,77,44 Dayton Parkway
254,Andria Keely,akeely71@i2i.jp,18,7 Bashford Way
255,Arda Tomasicchio,atomasicchio72@spiegel.de,56,562 Pepper Wood Hill
256,Gasparo Agerskow,gagerskow73@digg.com,24,05 Knutson Lane
257,Averyl Jandera,ajandera74@newyorker.com,45,20 Carpenter Court
258,Glyn Gelardi,ggelardi75@uiuc.edu,12,82 Rowland Terrace
259,Arlyne Durward,adurward76@zdnet.com,11,1757 Fisk Hill
260,Heda Woolner,hwoolner77@odnoklassniki.ru,94,10314 Forest Run Place
261,Trefor Simmank,tsimmank78@webmd.com,74,58 Swallow Court
262,Elita Fearfull,efearfull79@multiply.com,44,137 Amoth Terrace
263,Thacher Shynn,tshynn7a@google.fr,3,1 Huxley Lane
264,Cchaddie Esler,cesler7b@paypal.com,12,9 Village Center
265,Tracee Canellas,tcanellas7c@sogou.com,29,01971 Crest Line Circle
266,Bianka Thurborn,bthurborn7d@mapquest.com,76,044 Thierer Plaza
267,Ursulina Raspel,uraspel7e@godaddy.com,49,15 Luster Alley
268,Lorena Klewer,lklewer7f@xrea.com,71,910 Trailsway Junction
269,Martino Whyteman,mwhyteman7g@ebay.com,54,47 Sunbrook Circle
270,Gorden Gerber,ggerber7h@nifty.com,30,7 Del Sol Court
271,Billi Prestney,bprestney7i@lulu.com,95,727 Sage Way
272,Dionysus Blann,dblann7j@mtv.com,82,042 Marcy Avenue
273,York Tysack,ytysack7k@zimbio.com,1,491 Hoffman Street
274,Prince Salterne,psalterne7l@washington.edu,73,49232 Laurel Point
275,Ethel Maxfield,emaxfield7m@jalbum.net,41,38 Annamark Hill
276,Smitty McFadzean,smcfadzean7n@ezinearticles.com,71,3 Stoughton Crossing
277,Lindon Welburn,lwelburn7o@thetimes.co.uk,58,506 Cambridge Trail
278,Renelle Somerbell,rsomerbell7p@imageshack.us,82,62459 Surrey Parkway
279,Skipper Dibden,sdibden7q@bravesites.com,21,215 Westport Trail
280,De witt Dorrance,dwitt7r@webmd.com,30,147 Springs Point
281,Francisco Ingre,fingre7s@indiatimes.com,17,9 Victoria Point
282,Antonio Tendahl,atendahl7t@nhs.uk,5,547 Gale Crossing
283,Gabrielle Measom,gmeasom7u@amazon.co.jp,23,9184 Nancy Park
284,Damara Fechnie,dfechnie7v@nationalgeographic.com,13,2310 Clemons Hill
285,Marsiella Champneys,mchampneys7w@prlog.org,88,577 Meadow Valley Parkway
286,Eduino Kinig,ekinig7x@youtu.be,68,5321 Dwight Circle
287,Zita Stripp,zstripp7y@privacy.gov.au,35,93 Becker Plaza
288,Rici Edson,redson7z@marketwatch.com,78,5 Cherokee Center
289,Anjanette Kellog,akellog80@dell.com,66,080 Darwin Avenue
290,Bryce Huke,bhuke81@hud.gov,42,0 Farragut Center
291,Hetti Parkeson,hparkeson82@mashable.com,59,63 Canary Circle
292,Ophelie Sager,osager83@sohu.com,75,5432 Rowland Drive
293,Sauncho Kermit,skermit84@gizmodo.com,13,86 Glendale Court
294,Quillan Gallego,qgallego85@bandcamp.com,2,76 Manitowish Lane
295,Sylas Tett,stett86@ted.com,37,20268 Golden Leaf Hill
296,Fran Wragg,fwragg87@dion.ne.jp,9,01026 Buhler Circle
297,Oliver Vany,ovany88@tinypic.com,99,56214 Lerdahl Way
298,Jim Baison,jbaison89@a8.net,86,76297 Delaware Trail
299,Trina Gillfillan,tgillfillan8a@scientificamerican.com,75,8243 Warner Trail
300,Anna-diane McIlvenny,amcilvenny8b@slideshare.net,34,012 Rusk Street
301,Verge Spellecy,vspellecy8c@360.cn,57,181 Lerdahl Junction
302,Grover Tolomio,gtolomio8d@reverbnation.com,15,2 Talisman Court
303,Joice Parradye,jparradye8e@msn.com,43,6337 John Wall Junction
304,Helenelizabeth Lyte,hlyte8f@ca.gov,77,54 Larry Terrace
305,Marina Davinet,mdavinet8g@vinaora.com,11,811 Parkside Alley
306,Margette Franchyonok,mfranchyonok8h@tiny.cc,47,94 Pawling Hill
307,Holly Bellefant,hbellefant8i@blogs.com,34,8 Mcguire Hill
308,Tressa Obin,tobin8j@scientificamerican.com,73,98391 Kingsford Lane
309,Ingram McCathy,imccathy8k@indiatimes.com,67,9803 Walton Terrace
310,Collen Fowkes,cfowkes8l@vk.com,9,096 Golf View Road
311,Deane Claw,dclaw8m@taobao.com,47,12 Riverside Junction
312,Adham Pirri,apirri8n@rambler.ru,88,17422 Hovde Point
313,Kali Carthy,kcarthy8o@ocn.ne.jp,64,71 Cottonwood Drive
314,Nicky Pacquet,npacquet8p@alexa.com,71,1 Thompson Hill
315,Eloisa Accum,eaccum8q@dedecms.com,94,0350 Melody Court
316,Sharla Prazor,sprazor8r@wikispaces.com,28,0 American Ash Avenue
317,Rhianna Pain,rpain8s@state.tx.us,97,3 Dovetail Park
318,Emerson Yitzowitz,eyitzowitz8t@gov.uk,32,9 Upham Circle
319,Orsa McCallum,omccallum8u@plala.or.jp,60,05980 Algoma Terrace
320,Ermentrude Cranch,ecranch8v@washington.edu,63,50 Canary Center
321,Bradley Stodart,bstodart8w@google.ru,1,861 Badeau Circle
322,Jacynth Warrior,jwarrior8x@cnn.com,45,69 Marcy Center
323,Eunice Burdfield,eburdfield8y@omniture.com,96,83 Esker Circle
324,Cordie Sumshon,csumshon8z@ebay.com,92,8184 Ramsey Point
325,Erda Klement,eklement90@pcworld.com,78,242 Blue Bill Park Avenue
326,Wilfrid Lead,wlead91@reverbnation.com,24,59475 Northfield Trail
327,Kellsie Allum,kallum92@istockphoto.com,30,6 Fairfield Plaza
328,Arch Limpricht,alimpricht93@reverbnation.com,26,967 Ohio Avenue
329,Alicia Mattiessen,amattiessen94@ebay.co.uk,17,57 Mitchell Park
330,Staffard Echelle,sechelle95@sourceforge.net,42,0639 Transport Parkway
331,Evangeline Wickens,ewickens96@macromedia.com,90,1536 Johnson Hill
332,Ardith Chidwick,achidwick97@soundcloud.com,90,9268 Hansons Drive
333,Waverley Yearron,wyearron98@comsenz.com,41,65 Eagan Hill
334,Edi Furneaux,efurneaux99@sciencedirect.com,65,487 Northfield Center
335,Trever Davidai,tdavidai9a@gmpg.org,33,6 North Street
336,Bonny Itzakovitz,bitzakovitz9b@domainmarket.com,91,1644 Grover Road
337,Nariko Kordovani,nkordovani9c@marriott.com,47,4 Oxford Plaza
338,Cristian Saunders,csaunders9d@php.net,93,4 Trailsway Junction
339,Audi Pennino,apennino9e@github.io,73,7612 Park Meadow Terrace
340,De Cardinal,dcardinal9f@plala.or.jp,29,0 Talisman Junction
341,Patrice Silcock,psilcock9g@amazon.de,61,12 Waubesa Place
342,Terese Thebe,tthebe9h@webeden.co.uk,51,9283 Burning Wood Hill
343,Elicia Sterke,esterke9i@vinaora.com,1,5114 Prentice Parkway
344,Cherye Yarranton,cyarranton9j@sun.com,97,8759 Loomis Avenue
345,Andros Drakes,adrakes9k@tiny.cc,5,11915 Old Gate Parkway
346,Winna Gudgeon,wgudgeon9l@blogs.com,81,88 Clyde Gallagher Junction
347,Agnola Garratty,agarratty9m@godaddy.com,44,9 Sunnyside Court
348,Elliot Sames,esames9n@yellowpages.com,89,100 Carpenter Road
349,Anatole Gobell,agobell9o@noaa.gov,91,15 Banding Pass
350,Donica Barwell,dbarwell9p@alibaba.com,5,26 Meadow Vale Trail
351,Hodge Lipprose,hlipprose9q@instagram.com,49,96589 Utah Road
352,Brittni Presley,bpresley9r@diigo.com,3,87 Lien Park
353,Lorelle Taylour,ltaylour9s@constantcontact.com,71,691 Rusk Lane
354,Liz Brigstock,lbrigstock9t@china.com.cn,66,48 Talmadge Junction
355,Jabez Treker,jtreker9u@merriam-webster.com,29,53 Boyd Point
356,Liliane Yakunikov,lyakunikov9v@microsoft.com,81,4 Mockingbird Terrace
357,Reinhold Deftie,rdeftie9w@fema.gov,83,7 Eastwood Junction
358,Winston Garrigan,wgarrigan9x@mayoclinic.com,57,52 Ronald Regan Way
359,Emilio Stickens,estickens9y@marriott.com,53,6 Summer Ridge Terrace
360,Omero Medler,omedler9z@businessweek.com,91,3480 Talisman Lane
361,Wynnie Tansly,wtanslya0@patch.com,14,02334 Blue Bill Park Road
362,Tarra Mycroft,tmycrofta1@ning.com,70,99 Comanche Terrace
363,Townsend Awmack,tawmacka2@ebay.co.uk,62,1 Harbort Plaza
364,Andrea Oakenford,aoakenforda3@hao123.com,46,315 Derek Point
365,Ethyl Mantrip,emantripa4@oakley.com,72,2 Barby Park
366,Lilian Coppens,lcoppensa5@behance.net,61,29 Menomonie Avenue
367,Arny Penquet,apenqueta6@soundcloud.com,13,62 Fair Oaks Park
368,Kingsley Mycock,kmycocka7@usatoday.com,98,6 Dayton Park
369,Frazer Hammell,fhammella8@shinystat.com,13,96754 Bashford Way
370,Leontyne Hanks,lhanksa9@pinterest.com,33,2701 Victoria Court
371,Caitrin Raynor,craynoraa@histats.com,2,84820 Del Mar Way
372,Cassey Straniero,cstranieroab@squarespace.com,2,8 Randy Hill
373,Riva Levay,rlevayac@irs.gov,46,3407 Autumn Leaf Parkway
374,Svend Azemar,sazemarad@creativecommons.org,64,92 Arizona Pass
375,Georgena Ilyin,gilyinae@noaa.gov,74,4 Sunfield Place
376,Brittaney Scholcroft,bscholcroftaf@desdev.cn,35,336 Brickson Park Park
377,Jamaal Oneile,joneileag@princeton.edu,90,4 Pond Way
378,Lindsey Cowerd,lcowerdah@opensource.org,4,38 Green Ridge Alley
379,Jamison Athowe,jathoweai@wisc.edu,91,495 Porter Terrace
380,Arman Colquete,acolqueteaj@japanpost.jp,17,3 Lillian Parkway
381,Emanuele Giriardelli,egiriardelliak@tuttocitta.it,37,335 Little Fleur Circle
382,Reynard Grishenkov,rgrishenkoval@dailymail.co.uk,97,0483 Farragut Circle
383,Cosette Mesant,cmesantam@si.edu,19,2 Westport Alley
384,Mal Crannis,mcrannisan@apache.org,38,4 Schurz Way
385,Trudy Roddick,troddickao@wufoo.com,61,52 Schmedeman Center
386,Artemus Valentin,avalentinap@ibm.com,81,0 Armistice Park
387,Evangelia Dufaur,edufauraq@dion.ne.jp,7,826 Prentice Plaza
388,Basia Lawlor,blawlorar@tiny.cc,71,983 Shasta Alley
389,Douglas Scarce,dscarceas@netvibes.com,93,4786 Sunfield Park
390,Bea Vankeev,bvankeevat@statcounter.com,21,793 Menomonie Road
391,Della Cottisford,dcottisfordau@bandcamp.com,61,1866 Corben Terrace
392,Sissy Jeannenet,sjeannenetav@comcast.net,100,3 Dovetail Pass
393,Lanie Grabban,lgrabbanaw@time.com,47,459 Stuart Crossing
394,Helsa Gorries,hgorriesax@reuters.com,47,8270 Granby Lane
395,Earlie Edgeon,eedgeonay@hc360.com,85,1 Delaware Parkway
396,Nestor Stain,nstainaz@over-blog.com,35,6 Barnett Terrace
397,Gannie Bartlomiejczyk,gbartlomiejczykb0@oakley.com,14,8664 Paget Parkway
398,Brandise Benditt,bbendittb1@wikimedia.org,11,9117 Carioca Lane
399,Del Males,dmalesb2@cisco.com,21,675 Browning Place
400,Genvieve Martindale,gmartindaleb3@hubpages.com,36,83097 La Follette Pass
401,Tonia Breed,tbreedb4@clickbank.net,17,77825 Harper Trail
402,Merrill Zecchii,mzecchiib5@comcast.net,18,8 Kedzie Plaza
403,Sabina Lochead,slocheadb6@umich.edu,64,3 Autumn Leaf Center
404,Willdon Denson,wdensonb7@usda.gov,48,3 Marcy Road
405,Ario Klasing,aklasingb8@sciencedaily.com,83,7791 Hauk Crossing
406,Joni Rusted,jrustedb9@sbwire.com,50,82815 Summit Road
407,Maitilde Mc Ilwrick,mmcba@wikimedia.org,65,8 Warbler Street
408,Glenn Tomankiewicz,gtomankiewiczbb@woothemes.com,48,3 Huxley Lane
409,Engracia Wavish,ewavishbc@cnn.com,83,5 Pawling Junction
410,Karie Raynham,kraynhambd@cnet.com,69,9514 Upham Way
411,Ginny Lusher,glusherbe@yolasite.com,21,3970 Schmedeman Place
412,Ania Bandiera,abandierabf@liveinternet.ru,90,6 Blaine Circle
413,Patrick Broomhead,pbroomheadbg@bloomberg.com,14,42 Monument Pass
414,Min Baselio,mbaseliobh@admin.ch,17,9933 Magdeline Road
415,Coralie Tomczykowski,ctomczykowskibi@drupal.org,73,416 Arkansas Road
416,Claire Carlick,ccarlickbj@mail.ru,36,06 John Wall Park
417,Sybille Dowey,sdoweybk@feedburner.com,70,34379 Caliangt Road
418,Rockie Halsworth,rhalsworthbl@mayoclinic.com,20,7001 Transport Park
419,Daren Postill,dpostillbm@aol.com,65,8031 Thackeray Street
420,Bard Durand,bdurandbn@google.nl,24,29 Brentwood Place
421,Dur Cometto,dcomettobo@unesco.org,61,65100 Evergreen Parkway
422,Jerrine Jikovsky,jjikovskybp@wsj.com,57,60 Northwestern Crossing
423,Tobias Raspison,traspisonbq@smugmug.com,23,9 Truax Place
424,Chandal Coyne,ccoynebr@discuz.net,84,2 Calypso Crossing
425,Sibby Tyce,stycebs@t-online.de,54,288 Grayhawk Place
426,Raffarty Rew,rrewbt@sciencedirect.com,25,944 Lindbergh Way
427,Raychel Lancaster,rlancasterbu@simplemachines.org,99,8106 American Ash Park
428,Stafford Barson,sbarsonbv@edublogs.org,90,4070 Nelson Trail
429,Silvano Revie,sreviebw@mit.edu,43,8894 Spaight Plaza
430,Sidoney Massimi,smassimibx@rambler.ru,43,4 Mariners Cove Center
431,Isacco Ower,iowerby@typepad.com,38,824 Wayridge Hill
432,Francine McPhillimey,fmcphillimeybz@shareasale.com,43,501 Welch Point
433,Skye Chaffin,schaffinc0@cdc.gov,77,84 Village Green Point
434,Fanni Pressnell,fpressnellc1@senate.gov,98,506 Northport Drive
435,Bale Victoria,bvictoriac2@de.vu,24,58 Service Terrace
436,Ilene Gisbey,igisbeyc3@tinyurl.com,3,68323 Marcy Circle
437,Gaile Stiger,gstigerc4@europa.eu,10,7088 Prairieview Place
438,Branden Mountcastle,bmountcastlec5@unblog.fr,7,924 Onsgard Junction
439,Lamont Mortel,lmortelc6@army.mil,44,599 Fallview Center
440,Mamie Brighouse,mbrighousec7@ox.ac.uk,46,17 Forster Circle
441,Joane Leslie,jlesliec8@alibaba.com,43,2184 Express Way
442,Preston Velde,pveldec9@imdb.com,58,3 Brown Road
443,Arne Leal,alealca@gizmodo.com,71,3 John Wall Point
444,Luciano Rosser,lrossercb@yolasite.com,91,71 Badeau Circle
445,Christa Piller,cpillercc@miibeian.gov.cn,10,0 Clemons Park
446,Adora Weekes,aweekescd@cnet.com,59,5939 Loomis Plaza
447,Suellen Rylstone,srylstonece@diigo.com,99,96 Judy Street
448,Ginelle Vannet,gvannetcf@about.com,28,57 Bluejay Place
449,Orv Kefford,okeffordcg@fc2.com,39,98379 Debs Hill
450,Royce Swinden,rswindench@clickbank.net,45,9548 Burning Wood Drive
451,Jeffrey Balma,jbalmaci@issuu.com,34,20408 Myrtle Trail
452,Stephie Stopford,sstopfordcj@sphinn.com,79,12271 Northport Park
453,Dyann Bayley,dbayleyck@joomla.org,51,29022 Spaight Crossing
454,Sawyere Kydde,skyddecl@youtube.com,80,35943 Shasta Trail
455,Estel Bream,ebreamcm@webs.com,82,11 Rutledge Hill
456,Kerrin Letham,klethamcn@tiny.cc,98,4 Ramsey Court
457,Morlee Melody,mmelodyco@lulu.com,35,915 Eggendart Hill
458,Hesther Liddicoat,hliddicoatcp@house.gov,12,3 Banding Drive
459,Brina Twinning,btwinningcq@theatlantic.com,67,35770 Hagan Point
460,Kenny Downey,kdowneycr@booking.com,50,60207 Grasskamp Center
461,Celinda Consadine,cconsadinecs@imageshack.us,18,882 Anniversary Street
462,Karia Riping,kripingct@sbwire.com,4,17595 Warner Center
463,Beth Loude,bloudecu@ibm.com,60,91271 Gulseth Parkway
464,Harrie Borsi,hborsicv@ed.gov,13,74 Anzinger Park
465,Gratia Player,gplayercw@addthis.com,70,633 Forster Circle
466,Rosanna O'Hartnedy,rohartnedycx@arstechnica.com,7,61 Waubesa Plaza
467,Vinita De Vaan,vdecy@skyrock.com,68,62 Harper Avenue
468,Marylin Dyott,mdyottcz@paypal.com,48,1 Beilfuss Place
469,Carlee Vowells,cvowellsd0@va.gov,55,1077 Fallview Hill
470,Lynnet Labro,llabrod1@google.co.jp,82,3 Warrior Alley
471,Gene Cavell,gcavelld2@squidoo.com,84,8651 Daystar Center
472,Amye Poznan,apoznand3@tmall.com,86,971 Luster Place
473,Brennen Garry,bgarryd4@istockphoto.com,36,75854 Rockefeller Plaza
474,Dianne Bisacre,dbisacred5@youtube.com,22,986 Paget Terrace
475,Cordie Thaw,cthawd6@theglobeandmail.com,17,5503 Village Alley
476,Josephina Duffie,jduffied7@squidoo.com,47,37 Village Green Street
477,Nanon Strotone,nstrotoned8@freewebs.com,56,35442 Prairie Rose Terrace
478,Hermy Creamer,hcreamerd9@samsung.com,59,9 Milwaukee Point
479,Xaviera Rudram,xrudramda@loc.gov,97,920 Parkside Hill
480,Halimeda Wolffers,hwolffersdb@ft.com,8,1 Elgar Way
481,Lenette Teece,lteecedc@nhs.uk,66,32866 Harbort Junction
482,Locke Linder,llinderdd@reuters.com,54,49663 Ronald Regan Parkway
483,Jimmy Kinder,jkinderde@furl.net,16,2173 Grover Plaza
484,Aldrich Shields,ashieldsdf@posterous.com,16,085 Arapahoe Avenue
485,Odilia Flohard,ofloharddg@moonfruit.com,71,40479 Milwaukee Point
486,Raine Houtbie,rhoutbiedh@tmall.com,88,2702 Sullivan Pass
487,Faye Minshall,fminshalldi@netscape.com,20,4916 Porter Hill
488,Hyacintha Valasek,hvalasekdj@about.me,81,4483 Ilene Terrace
489,Demetri Bendik,dbendikdk@auda.org.au,30,2249 Hermina Street
490,Venita Mobberley,vmobberleydl@scribd.com,15,41 Utah Terrace
491,Peria Odd,podddm@so-net.ne.jp,55,389 Westridge Plaza
492,Allene Vaadeland,avaadelanddn@toplist.cz,95,453 Arapahoe Court
493,Jacinta Harnott,jharnottdo@edublogs.org,98,4791 Delaware Hill
494,Gwenora Pogue,gpoguedp@gnu.org,2,2872 School Park
495,Anjanette Carcas,acarcasdq@wikipedia.org,78,6 Prairie Rose Park
496,Rhona Bendix,rbendixdr@yale.edu,7,481 Sherman Avenue
497,Laughton Bergeon,lbergeonds@guardian.co.uk,39,3 Debs Place
498,Sibella Butcher,sbutcherdt@alibaba.com,63,19803 Bunker Hill Terrace
499,Darsie Tabram,dtabramdu@techcrunch.com,7,4 Leroy Parkway
500,Ewan Yeld,eyelddv@tripadvisor.com,55,6603 Debra Avenue
501,Bernhard Fereday,bferedaydw@arstechnica.com,86,501 Petterle Avenue
502,George Hay,ghaydx@t-online.de,81,016 Milwaukee Street
503,Sacha Sutter,ssutterdy@wordpress.org,91,4 Tony Terrace
504,Ashlie Ceyssen,aceyssendz@whitehouse.gov,63,882 Becker Terrace
505,Jessie Ealden,jealdene0@sogou.com,51,63633 Swallow Parkway
506,Opal Lark,olarke1@tinyurl.com,55,40 Columbus Drive
507,Farr Hames,fhamese2@webs.com,12,40265 Ruskin Place
508,Gilli Pollen,gpollene3@artisteer.com,38,1 Carpenter Lane
509,Halette Bellward,hbellwarde4@rambler.ru,20,5607 Kenwood Plaza
510,Aubrey Itzkovwich,aitzkovwiche5@wikipedia.org,21,324 Schlimgen Alley
511,Amitie Ghioni,aghionie6@weebly.com,40,52261 Randy Circle
512,Adam Bathowe,abathowee7@state.tx.us,81,102 Prentice Alley
513,Job Coopey,jcoopeye8@plala.or.jp,91,3 Fremont Circle
514,Danila Landeaux,dlandeauxe9@moonfruit.com,16,27 Lukken Circle
515,Weidar Cecil,wcecilea@shinystat.com,11,5 Mallard Center
516,Sibby Cullrford,scullrfordeb@hugedomains.com,1,051 Roth Lane
517,Hart Matyukon,hmatyukonec@wikimedia.org,29,8250 Harbort Alley
518,Myca Thorius,mthoriused@mediafire.com,84,65 Chinook Trail
519,Patton Kleszinski,pkleszinskiee@youtube.com,77,606 Sycamore Pass
520,Marena de Leon,mdeef@themeforest.net,9,7663 Dapin Way
521,Nico Mathouse,nmathouseeg@aol.com,25,125 Laurel Court
522,Petronilla Orwell,porwelleh@cbslocal.com,75,19791 Randy Plaza
523,Dredi Gentry,dgentryei@usnews.com,22,9 Vermont Road
524,Daryle Hurch,dhurchej@cbsnews.com,69,9252 Beilfuss Point
525,Tamma Vasic,tvasicek@naver.com,54,2 Carioca Lane
526,Collen O'Criane,cocrianeel@posterous.com,47,62428 Steensland Street
527,Briny Gasgarth,bgasgarthem@goo.ne.jp,3,671 Carey Junction
528,Danica Richford,drichforden@fotki.com,48,84 8th Street
529,Jareb Pembery,jpemberyeo@about.me,74,900 Dwight Junction
530,Wendy O'Hearn,wohearnep@de.vu,89,87331 Fisk Way
531,Marena Benoist,mbenoisteq@dot.gov,51,8987 Banding Court
532,Gianina Hartwright,ghartwrighter@ucla.edu,25,2919 Donald Alley
533,Isador Dulake,idulakees@edublogs.org,28,11902 Colorado Hill
534,Monty Hove,mhoveet@spiegel.de,82,86 Luster Drive
535,Bond Ostick,bostickeu@europa.eu,60,4202 Rutledge Road
536,Clarine Arderne,carderneev@ca.gov,37,985 Ridge Oak Hill
537,Rourke Dumbelton,rdumbeltonew@live.com,77,2985 Clarendon Terrace
538,Ina Hansford,ihansfordex@parallels.com,92,4472 Thackeray Point
539,Ian Casacchia,icasacchiaey@deviantart.com,84,668 Mariners Cove Pass
540,Monah Dach,mdachez@wufoo.com,77,6 Hansons Pass
541,Bonni Hepher,bhepherf0@umich.edu,15,2498 Browning Trail
542,Robby Kellard,rkellardf1@flickr.com,16,4 Michigan Drive
543,Lorrin Bailles,lbaillesf2@studiopress.com,84,632 Vera Circle
544,Raf Chrichton,rchrichtonf3@dagondesign.com,89,7792 Stoughton Circle
545,Madge Woolager,mwoolagerf4@ning.com,3,12654 Dahle Lane
546,Lyndel Brennan,lbrennanf5@reddit.com,43,9 Doe Crossing Lane
547,Kiley Charity,kcharityf6@blogtalkradio.com,20,82 Shoshone Plaza
548,Zak Scouler,zscoulerf7@craigslist.org,75,82189 Autumn Leaf Plaza
549,Andromache Whooley,awhooleyf8@epa.gov,94,1155 Express Avenue
550,Antoine Fairfoot,afairfootf9@spotify.com,53,29091 Golf View Street
551,Miller Jakoviljevic,mjakoviljevicfa@biglobe.ne.jp,35,36 Center Avenue
552,Julieta Greenstock,jgreenstockfb@networksolutions.com,6,9 Blackbird Hill
553,Alden Hardacre,ahardacrefc@usgs.gov,52,654 Packers Junction
554,Hewe Sallowaye,hsallowayefd@de.vu,26,4423 Moose Junction
555,Massimiliano Bastable,mbastablefe@webeden.co.uk,98,7932 Coleman Alley
556,Shell Budnk,sbudnkff@dedecms.com,84,1103 Corscot Trail
557,Orton Coorington,ocooringtonfg@usgs.gov,60,31573 Glacier Hill Junction
558,Selinda Martinet,smartinetfh@liveinternet.ru,10,9473 Farwell Alley
559,Eliza Hightown,ehightownfi@squidoo.com,87,744 Laurel Circle
560,Gertrude Hargreaves,ghargreavesfj@opera.com,68,743 Declaration Parkway
561,Kattie Grigolashvill,kgrigolashvillfk@businessinsider.com,74,70 Rowland Parkway
562,Nicky Flinn,nflinnfl@aboutads.info,49,5 Reindahl Street
563,Jean Langdridge,jlangdridgefm@github.io,40,14999 Hooker Hill
564,Danika Munden,dmundenfn@msu.edu,88,10 Lyons Hill
565,Inglebert Farra,ifarrafo@1688.com,36,0 Russell Trail
566,Curtis Old,coldfp@jigsy.com,53,9 Elmside Lane
567,Derward Larsen,dlarsenfq@deliciousdays.com,26,613 Kenwood Avenue
568,Wayne Hanmore,whanmorefr@addtoany.com,36,60616 Armistice Lane
569,Norri Danielsson,ndanielssonfs@altervista.org,60,55490 Oneill Park
570,Stavros Bougen,sbougenft@tumblr.com,51,0 Mockingbird Alley
571,Shep Kenshole,skensholefu@parallels.com,58,91600 Aberg Place
572,Avie Tatford,atatfordfv@vimeo.com,11,03 Thompson Road
573,Augusto MacGettigen,amacgettigenfw@house.gov,74,1 West Parkway
574,Patricio Moggach,pmoggachfx@washingtonpost.com,100,7629 Southridge Junction
575,Rollins Wyllcock,rwyllcockfy@miitbeian.gov.cn,71,218 Warrior Hill
576,Muhammad Baford,mbafordfz@trellian.com,31,971 Muir Way
577,Jacquelynn Kornel,jkornelg0@nasa.gov,22,99 Upham Terrace
578,Anabel Imms,aimmsg1@lulu.com,43,80870 Armistice Plaza
579,Megan Vorley,mvorleyg2@livejournal.com,12,7 Pankratz Plaza
580,Adiana Rathbone,arathboneg3@boston.com,49,326 Huxley Point
581,Eadie Verma,evermag4@theglobeandmail.com,81,39466 Texas Hill
582,Noe Waight,nwaightg5@privacy.gov.au,26,344 Rowland Parkway
583,Lorin Scoble,lscobleg6@comcast.net,84,71 Superior Way
584,Octavius Rich,orichg7@github.io,93,04523 Manitowish Avenue
585,Clemmy Willcocks,cwillcocksg8@lulu.com,56,19 Oxford Road
586,Morgan Riddock,mriddockg9@foxnews.com,79,2439 Reinke Alley
587,Marlon Stovold,mstovoldga@slideshare.net,100,06462 Del Mar Center
588,Archambault Mallan,amallangb@hp.com,34,62379 Delladonna Parkway
589,Penny Gouldie,pgouldiegc@deliciousdays.com,16,42 Ramsey Parkway
590,Edi Klimek,eklimekgd@dedecms.com,42,1 Utah Center
591,Nanon Charle,ncharlege@so-net.ne.jp,26,11 Westend Way
592,Abbott Tirrey,atirreygf@technorati.com,100,31192 Springs Point
593,Andy Pietersen,apietersengg@360.cn,67,3238 Merrick Court
594,Hillary Sign,hsigngh@tripod.com,60,8 John Wall Circle
595,Maisie Breinl,mbreinlgi@newsvine.com,78,048 Paget Junction
596,Ursulina Vogel,uvogelgj@youku.com,100,1 Oriole Pass
597,Elyn Cutress,ecutressgk@scientificamerican.com,62,7 Calypso Street
598,Rawley Trymme,rtrymmegl@soundcloud.com,64,7 American Trail
599,Xenos Petriello,xpetriellogm@forbes.com,34,154 Paget Road
600,Chiquia Keysall,ckeysallgn@google.cn,71,5667 Colorado Drive
601,Holmes Roskell,hroskellgo@house.gov,63,1310 Vernon Alley
602,Adorne Tointon,atointongp@thetimes.co.uk,61,7 Huxley Crossing
603,Clarabelle Strudwick,cstrudwickgq@ucla.edu,1,136 Boyd Terrace
604,Noella Staveley,nstaveleygr@alexa.com,36,8015 Schurz Alley
605,Ashlan Akett,aakettgs@disqus.com,59,6 Barby Road
606,Aurel Surgener,asurgenergt@infoseek.co.jp,23,87122 Memorial Plaza
607,Andree Crosthwaite,acrosthwaitegu@auda.org.au,58,78135 Blaine Lane
608,Sean Moodycliffe,smoodycliffegv@nifty.com,37,9250 Sauthoff Way
609,Donnie Strand,dstrandgw@soup.io,22,2394 Redwing Street
610,Whittaker Figge,wfiggegx@dot.gov,64,2081 Village Green Junction
611,Henrie Sirman,hsirmangy@wisc.edu,93,90 Helena Parkway
612,Gene Tiplady,gtipladygz@hatena.ne.jp,98,8 Cottonwood Park
613,Hoyt Bentzen,hbentzenh0@biblegateway.com,38,9769 Warrior Trail
614,Stephan Gecke,sgeckeh1@sun.com,84,0264 Orin Hill
615,Alexei Eblein,aebleinh2@telegraph.co.uk,87,020 Spohn Lane
616,Shepard Ensor,sensorh3@163.com,92,40 Straubel Parkway
617,Merilyn Arro,marroh4@japanpost.jp,35,54 Springs Avenue
618,Sarene Mogenot,smogenoth5@elpais.com,99,8902 Eagan Drive
619,Neddy Samber,nsamberh6@narod.ru,93,31 Hayes Hill
620,Junina Upwood,jupwoodh7@prlog.org,79,57771 Alpine Junction
621,Randene Rapaport,rrapaporth8@cbslocal.com,28,9251 Jay Center
622,Huberto Perham,hperhamh9@zdnet.com,16,5626 Bobwhite Hill
623,Meggi Causby,mcausbyha@disqus.com,1,42157 Westport Way
624,Bunni Fergusson,bfergussonhb@house.gov,35,03324 Declaration Crossing
625,Colin McBeith,cmcbeithhc@nsw.gov.au,20,752 Roth Lane
626,Martino McIsaac,mmcisaachd@newyorker.com,71,1254 Maywood Crossing
627,Dew Sibbering,dsibberinghe@unesco.org,47,585 Ruskin Pass
628,Wendi Sircombe,wsircombehf@imgur.com,2,37239 Lakeland Road
629,Margareta Renshell,mrenshellhg@domainmarket.com,31,2155 Badeau Terrace
630,Robers O'Flaverty,roflavertyhh@webmd.com,98,68565 Stuart Center
631,Gabriell Galbreth,ggalbrethhi@timesonline.co.uk,52,59 Drewry Crossing
632,Farrah Campkin,fcampkinhj@yolasite.com,25,4210 Jenifer Trail
633,Dynah Ritmeyer,dritmeyerhk@slideshare.net,57,8673 Miller Street
634,Layton Manis,lmanishl@un.org,58,2 Garrison Hill
635,Kelcy Gennings,kgenningshm@dedecms.com,62,0043 Milwaukee Point
636,Bennett Attril,battrilhn@friendfeed.com,62,540 Montana Road
637,Isaac Sancraft,isancraftho@home.pl,40,36548 Vidon Drive
638,Karen Deddum,kdeddumhp@va.gov,19,39434 East Center
639,Zoe Budget,zbudgethq@icio.us,51,114 Artisan Point
640,Garner Ratt,gratthr@hostgator.com,54,6779 Coolidge Crossing
641,Etty Hallibone,ehallibonehs@hostgator.com,93,618 Esch Crossing
642,Veronika Dorrington,vdorringtonht@wikispaces.com,47,4 Fremont Hill
643,Brenna Gasker,bgaskerhu@usa.gov,1,872 2nd Plaza
644,Bucky Wensley,bwensleyhv@linkedin.com,45,585 Glendale Point
645,Juliann Larkworthy,jlarkworthyhw@altervista.org,97,7 Shoshone Crossing
646,Ambros Bradbeer,abradbeerhx@dmoz.org,6,7072 Washington Street
647,Clarie Shuxsmith,cshuxsmithhy@sitemeter.com,65,280 Golf View Trail
648,Warner Regan,wreganhz@jimdo.com,75,89786 Orin Park
649,Lezley Everington,leveringtoni0@businessweek.com,59,40 Drewry Pass
650,Erina Oen,eoeni1@mapy.cz,30,133 Steensland Alley
651,Oralle Whiston,owhistoni2@people.com.cn,97,4 Saint Paul Alley
652,Alick Portlock,aportlocki3@yahoo.co.jp,95,3673 Bultman Terrace
653,Theodor Portail,tportaili4@histats.com,19,4437 High Crossing Trail
654,Dayle Shefton,dsheftoni5@twitter.com,45,14 Green Plaza
655,Caye Feldbaum,cfeldbaumi6@wix.com,99,5 Lakewood Gardens Street
656,Sybilla Penkman,spenkmani7@google.de,29,4 Oakridge Plaza
657,Erhart Bisterfeld,ebisterfeldi8@xing.com,54,299 Sycamore Plaza
658,Ode Thay,othayi9@soundcloud.com,91,2721 Steensland Court
659,Zea Decourcy,zdecourcyia@constantcontact.com,27,36180 1st Lane
660,Minerva Fairpo,mfairpoib@nih.gov,22,25376 Sugar Circle
661,Kittie O'Grady,kogradyic@narod.ru,58,1 Old Gate Crossing
662,Dorthea Wapol,dwapolid@ox.ac.uk,66,60689 Blackbird Avenue
663,Minda Jiranek,mjiranekie@squarespace.com,9,5667 Monument Street
664,Marjory Hayter,mhayterif@macromedia.com,37,837 Forest Dale Road
665,Marjorie O'Cahsedy,mocahsedyig@gmpg.org,74,60 Northview Circle
666,Charleen Roggero,croggeroih@macromedia.com,17,153 Hooker Trail
667,Zach Chatburn,zchatburnii@drupal.org,32,9 Harbort Point
668,Ikey Calrow,icalrowij@furl.net,27,98395 Sullivan Park
669,Armando Clyne,aclyneik@harvard.edu,25,6 Union Hill
670,Aldric Oldman,aoldmanil@miibeian.gov.cn,55,9 Pine View Way
671,Blisse Geertz,bgeertzim@ucla.edu,10,27769 Independence Parkway
672,Sherman Chaim,schaimin@sbwire.com,57,79678 Burning Wood Crossing
673,Valaree McPhelimy,vmcphelimyio@pen.io,5,03 Fallview Avenue
674,Eveline Rollin,erollinip@xinhuanet.com,79,692 Scofield Center
675,Ariel Kinlock,akinlockiq@columbia.edu,60,6717 Bartillon Pass
676,Analiese Ephson,aephsonir@photobucket.com,17,9207 Crownhardt Circle
677,Meredithe Bussel,mbusselis@dailymail.co.uk,46,6 Anhalt Junction
678,Kelsy Sparhawk,ksparhawkit@spiegel.de,30,2 Forest Run Terrace
679,Dayle Darrington,ddarringtoniu@yahoo.co.jp,74,09 Morning Center
680,Wynnie McColley,wmccolleyiv@statcounter.com,26,68 Lillian Crossing
681,Forest Stickings,fstickingsiw@baidu.com,97,3 Fieldstone Lane
682,Odo Ranyelld,oranyelldix@omniture.com,78,1400 Oak Valley Place
683,Edmon Frizell,efrizelliy@dmoz.org,77,9 Linden Trail
684,Dukie Ducarne,dducarneiz@ucoz.com,98,49802 Waywood Lane
685,Kevyn Haggish,khaggishj0@loc.gov,19,24 Division Park
686,Avivah Shutt,ashuttj1@accuweather.com,3,00222 Prairie Rose Hill
687,Cristen Gieves,cgievesj2@godaddy.com,69,00691 Mariners Cove Court
688,Esmaria Bernardez,ebernardezj3@earthlink.net,29,75 Donald Road
689,Dionysus Laister,dlaisterj4@instagram.com,30,9 Vera Avenue
690,Helsa Nutty,hnuttyj5@weibo.com,94,143 Carpenter Trail
691,Germayne Howorth,ghoworthj6@cloudflare.com,13,6537 Meadow Ridge Way
692,Diana Vaines,dvainesj7@abc.net.au,61,7 Holmberg Lane
693,Aridatha Hallbird,ahallbirdj8@senate.gov,7,2196 Sunfield Place
694,Roz Mix,rmixj9@squarespace.com,37,81033 Holmberg Alley
695,Marji O'Duilleain,moduilleainja@drupal.org,82,5491 Blaine Drive
696,Uta Revely,urevelyjb@jimdo.com,57,4411 Morningstar Lane
697,Eugenie Westrey,ewestreyjc@weebly.com,42,67 Tennessee Street
698,Lek Anfossi,lanfossijd@nifty.com,55,071 Hauk Junction
699,Mycah Nield,mnieldje@google.fr,54,58 Fallview Way
700,Inga Porte,iportejf@xrea.com,8,4196 Drewry Circle
701,Siouxie Teers,steersjg@flavors.me,30,1 Porter Circle
702,Myrna Bachs,mbachsjh@addthis.com,78,9068 Melrose Avenue
703,Jehu Kime,jkimeji@freewebs.com,82,8 Memorial Parkway
704,Uri Matelaitis,umatelaitisjj@smugmug.com,68,00798 Comanche Hill
705,Stavros Western,swesternjk@pinterest.com,57,2 Jenifer Street
706,Kalina Wannop,kwannopjl@whitehouse.gov,42,9 Fairfield Place
707,Alexandr Yesichev,ayesichevjm@google.de,27,3930 Thierer Center
708,Eolanda Collicott,ecollicottjn@woothemes.com,78,1 Hanson Drive
709,Roanne Partrick,rpartrickjo@harvard.edu,9,41601 Loftsgordon Park
710,Ashley Marnane,amarnanejp@dell.com,35,8 Paget Plaza
711,Laverne Sloy,lsloyjq@imdb.com,58,09505 Mifflin Place
712,Urson Hulmes,uhulmesjr@amazon.co.uk,13,97 Armistice Drive
713,Mireielle Grimsdale,mgrimsdalejs@tamu.edu,21,820 Burrows Crossing
714,Hodge Tuttle,htuttlejt@yale.edu,60,9 Hansons Junction
715,Edee Fairham,efairhamju@wiley.com,42,321 Fremont Alley
716,Joete Cowdray,jcowdrayjv@shutterfly.com,1,11 Straubel Circle
717,Amy Khomich,akhomichjw@stanford.edu,56,243 Gerald Place
718,Cora Yukhin,cyukhinjx@desdev.cn,34,92801 Lyons Point
719,Fanni Aspin,faspinjy@shutterfly.com,50,5590 Daystar Place
720,Janie Halfhide,jhalfhidejz@webeden.co.uk,96,83 Debra Avenue
721,Layton Slowcock,lslowcockk0@blogs.com,73,4 Buhler Junction
722,Jammie Llywarch,jllywarchk1@ustream.tv,77,7725 Drewry Place
723,Ev Lilie,eliliek2@hibu.com,16,85310 Darwin Terrace
724,Arty Fassman,afassmank3@behance.net,29,9 Killdeer Parkway
725,Kevon Wasmuth,kwasmuthk4@netvibes.com,10,761 Melvin Center
726,Laverne Scandroot,lscandrootk5@columbia.edu,20,61623 Golden Leaf Terrace
727,Merci Bamlett,mbamlettk6@nifty.com,84,71 1st Crossing
728,Padget Fernan,pfernank7@moonfruit.com,60,39919 Jenna Pass
729,Mauricio Ortas,mortask8@nps.gov,51,67540 Summerview Street
730,Catharina Worboy,cworboyk9@w3.org,14,21 Prairie Rose Avenue
731,Frazier Pammenter,fpammenterka@facebook.com,77,996 Maple Trail
732,Maximilien Burchfield,mburchfieldkb@ning.com,15,8 Columbus Hill
733,Lynna Vala,lvalakc@aboutads.info,62,1867 Susan Point
734,Constance Marvell,cmarvellkd@a8.net,89,495 Warrior Junction
735,Honoria McCaffery,hmccafferyke@nature.com,54,0758 Washington Avenue
736,Cindie Hawksworth,chawksworthkf@paginegialle.it,97,21 Towne Street
737,Arvy Brosi,abrosikg@gmpg.org,31,90 Graedel Court
738,Willie Durrand,wdurrandkh@discuz.net,39,05942 Mcbride Way
739,Kessiah Burges,kburgeski@china.com.cn,69,21801 Schurz Hill
740,Flore Sowrey,fsowreykj@altervista.org,85,8605 Texas Place
741,Carlita Prandin,cprandinkk@nasa.gov,7,6 Huxley Plaza
742,Archibaldo Hamm,ahammkl@prnewswire.com,35,5805 Lighthouse Bay Street
743,Vinny Dainty,vdaintykm@omniture.com,21,8 Spohn Parkway
744,Noach Heindle,nheindlekn@twitpic.com,4,2 Russell Road
745,Arv Sambells,asambellsko@java.com,53,3111 Lotheville Crossing
746,Jedediah Ingarfill,jingarfillkp@reuters.com,65,7845 Reinke Point
747,Emlen Marquiss,emarquisskq@eventbrite.com,61,775 Dovetail Hill
748,Avrom Beck,abeckkr@desdev.cn,5,102 Forest Crossing
749,Kathlin Beatty,kbeattyks@jimdo.com,83,03929 Sheridan Hill
750,Dwight Labba,dlabbakt@ezinearticles.com,32,0590 Claremont Place
751,Grannie Coburn,gcoburnku@aol.com,95,01291 Forest Dale Parkway
752,Marty Grichukhin,mgrichukhinkv@ustream.tv,13,07430 Brown Point
753,Melanie Gibberd,mgibberdkw@time.com,39,15 Hallows Way
754,Dell Kloser,dkloserkx@reverbnation.com,56,947 Jana Pass
755,Luci Ivanyutin,livanyutinky@vk.com,39,54702 Cascade Point
756,Lonee Stobie,lstobiekz@springer.com,84,1276 Carberry Plaza
757,Tamarra Buckner,tbucknerl0@techcrunch.com,73,2 Jay Drive
758,Abigael Stitwell,astitwelll1@mayoclinic.com,94,352 Clyde Gallagher Lane
759,Sena McClay,smcclayl2@google.fr,86,1192 Arizona Hill
760,Griselda Warde,gwardel3@privacy.gov.au,16,49 Shasta Court
761,Marguerite Daile,mdailel4@cnet.com,11,99792 Katie Street
762,Fionna Tapsfield,ftapsfieldl5@angelfire.com,56,413 Gerald Drive
763,Carlyn Hartzog,chartzogl6@newyorker.com,51,13173 Maple Crossing
764,Shermie Sleeman,ssleemanl7@earthlink.net,73,8 Del Sol Park
765,Gaven Drance,gdrancel8@ucoz.com,90,17464 Caliangt Drive
766,Gabriellia Dunkersley,gdunkersleyl9@a8.net,17,207 Bonner Place
767,Rochella Karolowski,rkarolowskila@1688.com,80,01 Bayside Terrace
768,Brooks Oddboy,boddboylb@goo.gl,36,49 Prairie Rose Park
769,Mickey Signoret,msignoretlc@auda.org.au,39,85256 Summer Ridge Trail
770,Jill Ruf,jrufld@vinaora.com,41,7102 1st Street
771,Lucille Hazzard,lhazzardle@bloglines.com,51,8 Kensington Parkway
772,Marybelle Oty,motylf@so-net.ne.jp,43,52 Pennsylvania Terrace
773,Hatty Jeenes,hjeeneslg@salon.com,70,28321 Bartelt Way
774,Ella Mainson,emainsonlh@usatoday.com,51,51 Linden Park
775,Traver Morten,tmortenli@4shared.com,37,25650 Jana Court
776,Kristos Lomen,klomenlj@psu.edu,97,77169 Claremont Lane
777,Torrey Tremblot,ttremblotlk@bravesites.com,58,17 Ruskin Plaza
778,Lexy Greguol,lgreguolll@constantcontact.com,27,83483 Prairieview Point
779,Juan Lodovichi,jlodovichilm@goo.gl,81,03483 Evergreen Center
780,Stavro Bowra,sbowraln@naver.com,31,006 Mockingbird Center
781,Lainey Rosenzwig,lrosenzwiglo@ebay.com,98,48685 Stephen Lane
782,Jeno Penney,jpenneylp@icq.com,39,27786 Linden Center
783,Ebonee Caldaro,ecaldarolq@pinterest.com,100,84 Garrison Junction
784,Karrie Van Der Vlies,kvanlr@acquirethisname.com,61,900 Clove Place
785,Edee Worsnap,eworsnapls@bluehost.com,19,55070 Glendale Pass
786,Christian Lyenyng,clyenynglt@timesonline.co.uk,10,8114 Russell Road
787,Deane Aim,daimlu@macromedia.com,23,8295 Iowa Trail
788,Scarlet Frogley,sfrogleylv@blogtalkradio.com,68,938 Forest Run Hill
789,Ferguson Craft,fcraftlw@wikispaces.com,55,1 Thompson Park
790,Issy Nowakowska,inowakowskalx@un.org,90,489 Old Shore Center
791,Andi Mathews,amathewsly@odnoklassniki.ru,68,2 Graceland Street
792,Tuck Brusle,tbruslelz@dmoz.org,58,70084 Arizona Pass
793,Andrea Lambertazzi,alambertazzim0@hibu.com,64,63 Northport Place
794,Leda Persich,lpersichm1@freewebs.com,85,634 Clemons Place
795,Josephine Cockcroft,jcockcroftm2@plala.or.jp,73,7381 Claremont Alley
796,Brianne Flecknell,bflecknellm3@virginia.edu,16,996 3rd Pass
797,Town Bourcq,tbourcqm4@blogtalkradio.com,95,324 Harbort Drive
798,Coretta Esch,ceschm5@earthlink.net,96,961 Hoepker Street
799,Desmund Starmer,dstarmerm6@hhs.gov,27,7 Sullivan Place
800,Gualterio Dicks,gdicksm7@mashable.com,66,0777 Autumn Leaf Road
801,Laraine Balmforth,lbalmforthm8@smugmug.com,25,18 Dorton Plaza
802,Junia Fiddeman,jfiddemanm9@mac.com,24,9 Mayfield Terrace
803,Marcy Cottom,mcottomma@wsj.com,27,21 Fair Oaks Avenue
804,Judie Matchett,jmatchettmb@infoseek.co.jp,48,40 Linden Park
805,Papagena Blaise,pblaisemc@list-manage.com,78,72 2nd Parkway
806,Sean Daughtry,sdaughtrymd@elpais.com,22,14869 Ridgeview Pass
807,Sarena Desorts,sdesortsme@nationalgeographic.com,11,2 Northview Plaza
808,Mario Nyssen,mnyssenmf@hc360.com,14,09310 Boyd Pass
809,Auroora Grigor,agrigormg@nsw.gov.au,28,90913 Havey Drive
810,Stanislaus Izzard,sizzardmh@geocities.jp,88,177 Coleman Terrace
811,Gannie Harrower,gharrowermi@tamu.edu,6,97081 Meadow Ridge Terrace
812,Sherill McKeighan,smckeighanmj@yandex.ru,8,89712 Dovetail Plaza
813,Paulita Mackerness,pmackernessmk@opensource.org,80,98 Acker Lane
814,Jefferson Pedel,jpedelml@comcast.net,87,85087 Meadow Ridge Center
815,Cleveland Blonfield,cblonfieldmm@seattletimes.com,36,0 Nobel Crossing
816,Tamiko Le Strange,tlemn@irs.gov,63,38 Calypso Pass
817,Concordia Cockayme,ccockaymemo@google.com.br,54,045 Oak Place
818,Ludwig Darrigrand,ldarrigrandmp@angelfire.com,69,5 Northport Trail
819,Laurel Heninghem,lheninghemmq@ebay.com,67,87519 Kropf Lane
820,Fayth Badwick,fbadwickmr@mapquest.com,39,572 Mosinee Drive
821,Gianna Halleday,ghalledayms@moonfruit.com,15,6892 David Way
822,Barri Buckett,bbuckettmt@plala.or.jp,38,7 Oneill Road
823,Arabelle Oxenden,aoxendenmu@boston.com,4,09 Mcbride Junction
824,Karel Pestridge,kpestridgemv@psu.edu,11,3 Prairie Rose Lane
825,Starlene Ham,shammw@i2i.jp,24,28 Mesta Place
826,Rollins Lippingwell,rlippingwellmx@lycos.com,6,4 Starling Place
827,Pooh Cearley,pcearleymy@buzzfeed.com,28,9231 Center Road
828,Austin Tween,atweenmz@tinyurl.com,9,8171 Anthes Avenue
829,Sophey Treneer,streneern0@odnoklassniki.ru,27,08 Fieldstone Junction
830,Barry Iannitti,biannittin1@washingtonpost.com,22,02332 Fallview Drive
831,Gerri Truss,gtrussn2@gov.uk,86,81601 Memorial Point
832,Etty Camis,ecamisn3@elpais.com,22,09150 Glendale Circle
833,Dallas O'Hartnett,dohartnettn4@symantec.com,25,7047 Maywood Alley
834,Carlie Pogue,cpoguen5@hugedomains.com,14,6131 Superior Junction
835,Dru Whardley,dwhardleyn6@sfgate.com,57,3140 Evergreen Point
836,Willow Kings,wkingsn7@linkedin.com,57,28189 Ryan Center
837,Talbot Genn,tgennn8@jalbum.net,12,09 Graedel Trail
838,Hendrick Shovelbottom,hshovelbottomn9@hugedomains.com,35,798 Commercial Parkway
839,Emanuele Lansdale,elansdalena@amazon.co.jp,12,444 Anderson Point
840,Sheba Shalcras,sshalcrasnb@google.com.hk,60,68371 Russell Circle
841,Carine Tendahl,ctendahlnc@prweb.com,55,9 Dryden Junction
842,Angelia Challiner,achallinernd@ovh.net,60,40082 Straubel Junction
843,Ezequiel Schistl,eschistlne@noaa.gov,81,50174 Pankratz Avenue
844,Wyndham Hollows,whollowsnf@google.com.au,40,873 Lighthouse Bay Crossing
845,Boothe Ross,brossng@issuu.com,74,1566 Raven Parkway
846,Chev Burrel,cburrelnh@wordpress.org,25,7 Glacier Hill Lane
847,Lorin Cayton,lcaytonni@walmart.com,100,8815 Michigan Park
848,Harriette Goodding,hgooddingnj@gov.uk,32,1 Crowley Avenue
849,Brennen Kreutzer,bkreutzernk@tumblr.com,34,81 Sunbrook Road
850,Fransisco Woodhall,fwoodhallnl@vimeo.com,96,18381 Fordem Plaza
851,Brendan Vannucci,bvannuccinm@smh.com.au,34,054 Ronald Regan Lane
852,Marge Beckey,mbeckeynn@elegantthemes.com,47,995 Nelson Junction
853,Samuele Boyland,sboylandno@irs.gov,94,22 Meadow Valley Lane
854,Jonell Ewell,jewellnp@e-recht24.de,86,52 Larry Lane
855,Dur Froschauer,dfroschauernq@sciencedirect.com,79,6 Badeau Lane
856,Mead Nuttey,mnutteynr@google.pl,14,24 Declaration Road
857,Jade McGiveen,jmcgiveenns@who.int,42,187 Washington Crossing
858,Milicent Bennit,mbennitnt@fema.gov,57,63424 Comanche Avenue
859,Valentina Todarini,vtodarininu@example.com,33,63 Lakewood Way
860,Marybelle Tudbald,mtudbaldnv@sciencedaily.com,97,27544 Upham Junction
861,Patrizio Philipsson,pphilipssonnw@purevolume.com,38,8 Moulton Terrace
862,Vasily Gelardi,vgelardinx@bandcamp.com,53,89 Green Terrace
863,Riley Faulks,rfaulksny@ameblo.jp,71,21 Mesta Court
864,Constanta Oglethorpe,coglethorpenz@bigcartel.com,3,36 Columbus Hill
865,Ryan Soares,rsoareso0@patch.com,71,0 Sommers Crossing
866,Tabor Preene,tpreeneo1@devhub.com,21,2 Lien Court
867,Carolyn Tanslie,ctanslieo2@msu.edu,91,85 Ruskin Hill
868,Jillene Comar,jcomaro3@squidoo.com,80,31 Warner Plaza
869,Alexei Sutherel,asutherelo4@imageshack.us,68,442 Anniversary Court
870,Jillene Beckham,jbeckhamo5@oaic.gov.au,1,342 Paget Plaza
871,Brigitte Upjohn,bupjohno6@eepurl.com,44,709 Gulseth Point
872,Abigael Melrose,amelroseo7@nps.gov,60,4481 Atwood Point
873,Astrix Jaggard,ajaggardo8@ca.gov,55,018 Summit Plaza
874,Dulcea Averill,daverillo9@mapy.cz,47,53306 Bellgrove Way
875,Jerrine Cakes,jcakesoa@surveymonkey.com,65,6 Bluejay Way
876,Melvin Stout,mstoutob@elegantthemes.com,77,2 Granby Lane
877,Edin Klossmann,eklossmannoc@delicious.com,91,9 Morningstar Road
878,Duffie Dolman,ddolmanod@sun.com,95,6 Jenna Park
879,Dominica Milan,dmilanoe@scientificamerican.com,90,48 Meadow Ridge Street
880,Shurwood Whitfield,swhitfieldof@comsenz.com,9,589 Autumn Leaf Pass
881,Britteny Barthod,bbarthodog@admin.ch,32,05 Green Street
882,Rosemaria Gravenell,rgravenelloh@newyorker.com,43,40 Parkside Hill
883,Krispin Copnar,kcopnaroi@arstechnica.com,29,69 Graedel Court
884,Flin Powton,fpowtonoj@vimeo.com,65,135 Iowa Pass
885,Flint Kewzick,fkewzickok@mozilla.org,68,02081 Prairie Rose Alley
886,Wainwright Tweedell,wtweedellol@nydailynews.com,88,219 Riverside Hill
887,Barrett Tonge,btongeom@studiopress.com,2,64139 Miller Terrace
888,Patricia Bolingbroke,pbolingbrokeon@hc360.com,29,07 Pepper Wood Way
889,Haleigh Dunnan,hdunnanoo@seattletimes.com,49,88 Red Cloud Park
890,Anthony Filippyev,afilippyevop@engadget.com,21,9118 Warrior Hill
891,Clareta Meneghi,cmeneghioq@slashdot.org,87,557 Anthes Avenue
892,Imelda Cannaway,icannawayor@china.com.cn,86,1 Scoville Junction
893,Garvy Haylock,ghaylockos@vk.com,22,2401 Hayes Park
894,Port Caltun,pcaltunot@last.fm,21,1669 Katie Terrace
895,Leone Diack,ldiackou@huffingtonpost.com,34,11001 Express Park
896,Lew Christene,lchristeneov@hp.com,45,8453 Raven Court
897,Tommi Scurlock,tscurlockow@webnode.com,6,06 Roth Plaza
898,Delly Loudyan,dloudyanox@bing.com,75,4 Loeprich Crossing
899,Cassie Croix,ccroixoy@webnode.com,55,63 Maryland Road
900,Kort Sleeny,ksleenyoz@abc.net.au,21,255 Manitowish Street
901,Chloette Fincken,cfinckenp0@exblog.jp,32,7 Banding Way
902,Olivier Heibel,oheibelp1@ca.gov,5,79498 Dennis Court
903,Bee Cotter,bcotterp2@nydailynews.com,74,94 Arapahoe Point
904,Fin Ewols,fewolsp3@time.com,7,98036 Waubesa Alley
905,Jodie Picton,jpictonp4@google.it,94,40 Carioca Junction
906,Katharine Calles,kcallesp5@usnews.com,34,9 6th Trail
907,Gabriello Seid,gseidp6@wunderground.com,6,190 Veith Way
908,Layla Rivlin,lrivlinp7@ask.com,65,53 Messerschmidt Way
909,Pancho Wingar,pwingarp8@princeton.edu,61,0 Burrows Park
910,Rebecka Dannatt,rdannattp9@berkeley.edu,96,10 Reindahl Center
911,Norma Hoofe,nhoofepa@digg.com,55,547 American Ash Parkway
912,Doralyn Boldecke,dboldeckepb@storify.com,82,398 Carioca Avenue
913,Odell Kellard,okellardpc@free.fr,45,56 Roth Road
914,Gaston Ezele,gezelepd@shop-pro.jp,92,213 Di Loreto Place
915,Inessa Sore,isorepe@yale.edu,7,4 Eastwood Park
916,Sallyann Heinonen,sheinonenpf@pinterest.com,88,27209 Shasta Terrace
917,Lothario Laverty,llavertypg@woothemes.com,95,027 Fuller Terrace
918,Valentino Docwra,vdocwraph@jalbum.net,85,6218 Jackson Street
919,Raquela Senecaux,rsenecauxpi@t-online.de,26,61 Vera Alley
920,Nate Dines,ndinespj@java.com,70,841 Petterle Lane
921,Alikee Welsh,awelshpk@wired.com,25,53599 Vera Park
922,Terrell Dunthorn,tdunthornpl@harvard.edu,94,10 Grayhawk Way
923,Alfonse Alderwick,aalderwickpm@dagondesign.com,62,96851 Messerschmidt Drive
924,Torr Pibsworth,tpibsworthpn@sphinn.com,93,8341 Hooker Circle
925,Jasper McVeagh,jmcveaghpo@senate.gov,81,5888 Scott Junction
926,Crysta Marchelli,cmarchellipp@about.com,53,3263 Scofield Drive
927,Lil Topliss,ltoplisspq@ed.gov,12,3 Cambridge Park
928,Lena Duggon,lduggonpr@privacy.gov.au,81,45 Troy Alley
929,Dniren Cheston,dchestonps@simplemachines.org,3,24 Loftsgordon Lane
930,Thaddus Ritzman,tritzmanpt@joomla.org,21,49 Burning Wood Court
931,Batsheva Lambole,blambolepu@mysql.com,60,32 Farmco Street
932,Rebbecca Friberg,rfribergpv@kickstarter.com,59,1 Morning Court
933,Bary Marzelli,bmarzellipw@ocn.ne.jp,82,4 Ilene Center
934,Jodi MacAlpyne,jmacalpynepx@ask.com,43,14 Hazelcrest Alley
935,Donavon Baldung,dbaldungpy@google.fr,27,3174 Kim Parkway
936,Wynnie Braunle,wbraunlepz@bluehost.com,87,94 Randy Road
937,Courtney Toland,ctolandq0@goo.gl,8,23 Daystar Drive
938,Forrest Fairbanks,ffairbanksq1@tinypic.com,92,7 Harbort Lane
939,Sylas Wayon,swayonq2@google.ru,7,7377 Merrick Court
940,Sheffie Arnoud,sarnoudq3@sohu.com,24,7 Toban Place
941,Farleigh Dametti,fdamettiq4@mashable.com,96,2 Bluejay Court
942,Sean Lailey,slaileyq5@cnn.com,75,73 Jenna Circle
943,Courtenay McLanaghan,cmclanaghanq6@epa.gov,34,9568 East Crossing
944,Genna McKellar,gmckellarq7@bizjournals.com,84,16 Waubesa Crossing
945,Granville Giovannelli,ggiovannelliq8@deviantart.com,20,20 1st Point
946,Becki Blick,bblickq9@mozilla.com,42,00 Park Meadow Trail
947,Andie Gabler,agablerqa@arstechnica.com,72,82788 Hudson Road
948,Xymenes Bach,xbachqb@infoseek.co.jp,64,58773 Heffernan Crossing
949,Ruddie Fontenot,rfontenotqc@imgur.com,44,040 Kenwood Point
950,Britt MacCaull,bmaccaullqd@cbslocal.com,12,44 Sachs Hill
951,Frederick Ingham,finghamqe@cyberchimps.com,74,0650 Blue Bill Park Park
952,Zenia Baiden,zbaidenqf@hhs.gov,13,86701 Welch Court
953,Kalil Russe,krusseqg@hatena.ne.jp,21,6772 Stephen Trail
954,Ronna Teece,rteeceqh@technorati.com,28,17161 Red Cloud Avenue
955,Helenka Kennford,hkennfordqi@fc2.com,79,1 Old Shore Hill
956,Mylo Doman,mdomanqj@cornell.edu,93,017 Anderson Terrace
957,Mirna Rydzynski,mrydzynskiqk@gravatar.com,11,39252 Becker Center
958,Izak Lathey,ilatheyql@oracle.com,60,51 Holy Cross Plaza
959,Amaleta Borres,aborresqm@angelfire.com,75,78 North Road
960,Aloin Lukehurst,alukehurstqn@google.pl,16,05 Service Point
961,Lonna Quenby,lquenbyqo@upenn.edu,63,35193 Sloan Trail
962,Weston Janes,wjanesqp@ning.com,39,0770 Tomscot Lane
963,Jenifer Towndrow,jtowndrowqq@blog.com,95,127 Ryan Terrace
964,Delmar McNeish,dmcneishqr@wikia.com,67,4109 Jenifer Junction
965,Gabie Bontein,gbonteinqs@altervista.org,35,53505 Harper Point
966,Louisa Karsh,lkarshqt@china.com.cn,24,9446 Golden Leaf Terrace
967,Johanna Manterfield,jmanterfieldqu@ovh.net,33,66 Chinook Alley
968,Mikol Bernardeschi,mbernardeschiqv@networkadvertising.org,41,851 Grasskamp Street
969,Bill Linge,blingeqw@weebly.com,5,06 Michigan Avenue
970,Heather Faithorn,hfaithornqx@vkontakte.ru,44,1020 Eastlawn Plaza
971,Gale Goodwell,ggoodwellqy@privacy.gov.au,33,74 Bartillon Drive
972,Tatiana O'Farrell,tofarrellqz@wikispaces.com,64,45 Fisk Center
973,Burt Gillebert,bgillebertr0@alexa.com,55,809 Hanson Junction
974,Gaelan Ervin,gervinr1@photobucket.com,73,715 Del Mar Avenue
975,Guglielma McConaghy,gmcconaghyr2@bravesites.com,48,86 Ramsey Alley
976,Ferguson Hinchshaw,fhinchshawr3@umn.edu,22,6 Magdeline Court
977,Verile Ruben,vrubenr4@nba.com,95,837 Northridge Plaza
978,Nellie La Padula,nlar5@ezinearticles.com,86,0 Schiller Avenue
979,Charmaine Foss,cfossr6@google.cn,94,1 Mallory Terrace
980,Avigdor Poznan,apoznanr7@npr.org,87,016 Kedzie Circle
981,Geno Zavattiero,gzavattieror8@geocities.jp,75,8 Elgar Parkway
982,Huntley Barcroft,hbarcroftr9@360.cn,30,1188 Maywood Drive
983,Josi Marvel,jmarvelra@amazonaws.com,43,59744 Thompson Way
984,Edee O'Cahsedy,eocahsedyrb@sourceforge.net,7,702 Warbler Street
985,Clemmie Briddock,cbriddockrc@nih.gov,31,7146 Golf Course Place
986,Selby Demead,sdemeadrd@github.com,50,7 Kipling Court
987,Sher Zorzetti,szorzettire@posterous.com,2,143 Larry Center
988,Delcina Dalley,ddalleyrf@msu.edu,58,7 Sachtjen Parkway
989,Ailbert De la Yglesias,aderg@surveymonkey.com,12,0 Dahle Point
990,Westley Zuppa,wzupparh@census.gov,49,92836 Riverside Court
991,Oswald Stripling,ostriplingri@discuz.net,83,79 Meadow Valley Trail
992,Rhianna Blamires,rblamiresrj@discuz.net,51,8 Golf Course Plaza
993,Ellene Shear,eshearrk@unicef.org,73,31 Nevada Circle
994,Bendix Gemeau,bgemeaurl@over-blog.com,6,77 Ryan Parkway
995,Lorette Malatalant,lmalatalantrm@skype.com,99,79281 Granby Place
996,Hobart De Dei,hdern@arizona.edu,37,68 Kim Hill
997,Ilise Killingback,ikillingbackro@creativecommons.org,67,11258 Talisman Avenue
998,Ginnie Holtum,gholtumrp@cbc.ca,6,245 Crownhardt Park
999,Kate Noblett,knoblettrq@dailymotion.com,14,22 Algoma Plaza
1000,Siana Perez,sperezrr@yahoo.co.jp,82,868 Shasta Pass
